{
    "y": -1317.441650390625,
    "z": 30.89040374755859,
    "heading": 1.81897890567779,
    "x": -205.45997619628907
}